caregiver_id,client_id,service_date,travel_time_min,actual_service_hours,care_types_completed,service_base_points,final_weighted_points
CG001,CL024,2026-08-01,24,3.1,"BA15,BA07,BA14",1205,2290
CG001,CL019,2026-08-01,10,2.6,"BA16,BA14,BA07",1140,1482
CG001,CL011,2026-08-01,14,1.0,"BA01,BA16",390,624
CG002,CL018,2026-08-01,16,1.9,"BA07,BA02,BA16",650,747
CG002,CL019,2026-08-01,25,0.8,"BA16,BA01",390,507
CG002,CL039,2026-08-01,23,0.9,"BA01,BA16",390,682
CG003,CL041,2026-08-01,24,2.2,"BA15,BA10,BA14",1035,1190
CG003,CL017,2026-08-01,13,0.5,BA15,195,254
CG003,CL011,2026-08-01,11,1.8,"BA14,BA16",815,1304
CG004,CL009,2026-08-01,11,1.0,"BA02,BA15",390,566
CG004,CL003,2026-08-01,13,2.0,"BA16,BA14",815,1426
CG004,CL020,2026-08-01,14,0.5,BA16,130,130
CG004,CL024,2026-08-01,15,1.1,"BA01,BA02",455,864
CG005,CL052,2026-08-01,17,1.0,"BA02,BA15",390,390
CG005,CL043,2026-08-01,22,0.5,BA16,130,130
CG005,CL056,2026-08-01,17,0.5,BA16,130,169
CG005,CL048,2026-08-01,41,0.9,"BA16,BA02",325,569
CG006,CL043,2026-08-01,20,0.9,"BA16,BA01",390,390
CG006,CL013,2026-08-01,21,2.2,"BA14,BA10,BA16",970,970
CG006,CL026,2026-08-01,10,0.8,BA07,325,325
CG007,CL017,2026-08-01,21,1.7,"BA16,BA07,BA10",610,793
CG007,CL003,2026-08-01,13,2.0,"BA14,BA02",880,1540
CG007,CL007,2026-08-01,11,2.5,"BA10,BA01,BA14",1100,1430
CG007,CL039,2026-08-01,16,0.9,"BA10,BA01",415,726
CG007,CL028,2026-08-01,20,1.9,"BA16,BA01,BA07",715,1358
CG008,CL043,2026-08-01,19,1.3,"BA02,BA16,BA10",480,480
CG008,CL027,2026-08-01,15,2.9,"BA14,BA07,BA10",1165,2039
CG008,CL021,2026-08-01,10,1.5,"BA07,BA02",520,832
CG008,CL026,2026-08-01,20,0.7,"BA10,BA16",285,285
CG009,CL031,2026-08-01,12,2.2,"BA14,BA15",880,880
CG009,CL051,2026-08-01,20,0.5,BA16,130,208
CG009,CL058,2026-08-01,39,0.5,BA16,130,247
CG009,CL048,2026-08-01,34,0.5,BA01,260,455
CG009,CL011,2026-08-01,25,1.3,"BA16,BA01,BA10",545,872
CG010,CL037,2026-08-01,25,1.1,"BA02,BA16",325,374
CG010,CL013,2026-08-01,10,0.5,BA16,130,130
CG010,CL046,2026-08-01,17,0.5,BA16,130,150
CG010,CL045,2026-08-01,24,1.5,BA14,685,993
CG010,CL025,2026-08-01,33,1.0,"BA02,BA10",350,560
CG011,CL039,2026-08-01,23,1.3,"BA10,BA02,BA16",480,840
CG011,CL021,2026-08-01,18,0.6,BA16,130,208
CG011,CL049,2026-08-01,18,1.4,"BA10,BA15,BA02",545,627
CG011,CL058,2026-08-01,44,0.6,BA15,195,370
CG011,CL029,2026-08-01,17,1.4,"BA07,BA16",455,864
CG012,CL009,2026-08-01,22,1.3,"BA02,BA15,BA16",520,754
CG012,CL010,2026-08-01,23,2.5,"BA07,BA14",1010,1162
CG012,CL015,2026-08-01,23,0.6,BA02,195,312
CG013,CL058,2026-08-01,30,1.3,"BA10,BA16,BA01",545,1036
CG013,CL050,2026-08-01,19,0.9,"BA16,BA10",285,499
CG013,CL038,2026-08-01,17,1.5,"BA02,BA07",520,754
CG013,CL045,2026-08-01,25,0.5,BA10,155,225
CG014,CL044,2026-08-01,24,1.7,BA14,685,685
CG014,CL052,2026-08-01,10,1.8,"BA14,BA16",815,815
CG014,CL026,2026-08-01,12,1.2,"BA10,BA02,BA16",480,480
CG014,CL047,2026-08-01,11,1.2,"BA10,BA07",480,912
CG014,CL011,2026-08-01,24,1.2,"BA07,BA10",480,768
CG015,CL017,2026-08-01,10,2.9,"BA14,BA01,BA07",1270,1651
CG015,CL054,2026-08-01,12,1.4,"BA01,BA16,BA02",585,936
CG015,CL006,2026-08-01,10,1.5,"BA02,BA16,BA15",520,988
CG015,CL031,2026-08-01,13,1.8,"BA02,BA10,BA07",675,675
CG016,CL039,2026-08-01,13,0.8,BA07,325,569
CG016,CL048,2026-08-01,48,1.1,BA07,325,569
CG016,CL046,2026-08-01,22,0.9,"BA15,BA02",390,448
CG017,CL045,2026-08-01,19,2.3,"BA14,BA01,BA16",1075,1559
CG017,CL054,2026-08-01,21,1.6,"BA10,BA15,BA07",675,1080
CG017,CL041,2026-08-01,20,0.5,BA16,130,150
CG017,CL016,2026-08-01,25,0.5,BA10,155,271
CG017,CL007,2026-08-01,24,1.4,"BA02,BA10,BA16",480,624
CG018,CL018,2026-08-01,25,1.1,"BA10,BA15",350,402
CG018,CL040,2026-08-01,18,0.8,"BA16,BA02",325,618
CG018,CL052,2026-08-01,18,1.1,"BA02,BA10",350,350
CG018,CL059,2026-08-01,49,1.8,"BA10,BA07,BA01",740,1184
CG018,CL035,2026-08-01,20,0.5,BA10,155,178
CG019,CL052,2026-08-01,18,2.5,"BA01,BA14,BA02",1140,1140
CG019,CL017,2026-08-01,17,2.2,"BA10,BA16,BA14",970,1261
CG019,CL022,2026-08-01,25,1.1,"BA15,BA10,BA16",480,912
CG019,CL018,2026-08-01,12,0.9,"BA02,BA10",350,402
CG020,CL043,2026-08-01,21,2.1,"BA15,BA14",880,880
CG020,CL038,2026-08-01,21,1.7,"BA10,BA07,BA15",675,979
CG020,CL024,2026-08-01,17,0.5,BA15,195,370
CG020,CL031,2026-08-01,20,0.7,BA15,195,195
CG001,CL012,2026-08-02,18,2.4,"BA14,BA16,BA15",1010,1162
CG001,CL013,2026-08-02,13,0.9,BA07,325,325
CG001,CL014,2026-08-02,21,0.8,BA07,325,520
CG001,CL048,2026-08-02,47,0.8,BA07,325,569
CG001,CL031,2026-08-02,11,2.1,"BA07,BA15,BA02",715,715
CG002,CL007,2026-08-02,19,0.8,"BA10,BA16",285,370
CG002,CL056,2026-08-02,15,1.0,BA07,325,422
CG002,CL001,2026-08-02,13,0.5,BA10,155,225
CG002,CL037,2026-08-02,12,1.3,"BA15,BA16,BA01",585,673
CG003,CL052,2026-08-02,12,0.7,BA01,260,260
CG003,CL037,2026-08-02,23,2.5,"BA14,BA16,BA02",1010,1162
CG003,CL020,2026-08-02,22,1.4,"BA10,BA07",480,480
CG004,CL020,2026-08-02,13,0.5,BA15,195,195
CG004,CL037,2026-08-02,18,1.5,"BA01,BA02,BA15",650,747
CG004,CL040,2026-08-02,12,0.6,BA01,260,494
CG004,CL004,2026-08-02,24,2.6,"BA14,BA10,BA07",1165,2039
CG005,CL019,2026-08-02,24,0.5,BA15,195,254
CG005,CL046,2026-08-02,18,2.6,"BA14,BA15,BA02",1075,1236
CG005,CL045,2026-08-02,13,1.4,"BA02,BA15,BA16",520,754
CG006,CL005,2026-08-02,19,3.0,"BA15,BA14,BA07",1205,2109
CG006,CL004,2026-08-02,13,1.4,"BA15,BA07",520,910
CG006,CL011,2026-08-02,18,2.3,"BA14,BA10,BA15",1035,1656
CG007,CL003,2026-08-02,18,0.5,BA01,260,455
CG007,CL057,2026-08-02,10,2.6,"BA16,BA07,BA14",1140,1653
CG007,CL028,2026-08-02,15,2.1,"BA14,BA15",880,1672
CG007,CL048,2026-08-02,38,1.6,BA14,685,1199
CG007,CL021,2026-08-02,25,0.5,BA10,155,248
CG008,CL022,2026-08-02,15,1.0,"BA10,BA15",350,665
CG008,CL021,2026-08-02,19,2.5,"BA10,BA14,BA01",1100,1760
CG008,CL043,2026-08-02,12,1.1,"BA07,BA16",455,455
CG008,CL007,2026-08-02,22,2.5,"BA16,BA01,BA14",1075,1398
CG009,CL004,2026-08-02,25,1.4,"BA10,BA01,BA02",610,1068
CG009,CL013,2026-08-02,14,1.0,"BA10,BA15",350,350
CG009,CL034,2026-08-02,13,0.7,BA15,195,254
CG009,CL024,2026-08-02,17,2.8,"BA02,BA07,BA14",1205,2290
CG010,CL027,2026-08-02,13,1.0,"BA01,BA15",455,796
CG010,CL006,2026-08-02,25,2.8,"BA07,BA14,BA16",1140,2166
CG010,CL015,2026-08-02,25,1.0,"BA02,BA10",350,560
CG010,CL054,2026-08-02,14,2.2,"BA02,BA14",880,1408
CG010,CL059,2026-08-02,34,1.0,BA07,325,520
CG011,CL060,2026-08-02,10,1.6,"BA15,BA07",520,676
CG011,CL051,2026-08-02,25,0.5,BA10,155,248
CG011,CL033,2026-08-02,25,2.5,"BA07,BA14",1010,1768
CG011,CL018,2026-08-02,22,1.4,"BA07,BA02",520,598
CG012,CL025,2026-08-02,31,0.9,"BA15,BA10",350,560
CG012,CL015,2026-08-02,22,1.5,"BA16,BA15,BA02",520,832
CG012,CL055,2026-08-02,11,1.7,BA14,685,993
CG012,CL050,2026-08-02,20,0.5,BA16,130,228
CG012,CL027,2026-08-02,13,1.5,"BA10,BA01,BA02",610,1068
CG013,CL010,2026-08-02,20,1.4,"BA15,BA10,BA01",610,702
CG013,CL005,2026-08-02,22,1.0,"BA15,BA16",325,569
CG013,CL031,2026-08-02,11,1.9,"BA01,BA02,BA07",780,780
CG013,CL051,2026-08-02,12,1.0,"BA01,BA15",455,728
CG013,CL017,2026-08-02,24,0.6,BA15,195,254
CG014,CL003,2026-08-02,11,1.3,"BA07,BA16",455,796
CG014,CL021,2026-08-02,14,1.6,BA14,685,1096
CG014,CL051,2026-08-02,15,0.5,BA02,195,312
CG015,CL056,2026-08-02,25,1.4,"BA02,BA16,BA10",480,624
CG015,CL025,2026-08-02,38,1.2,"BA07,BA15",520,832
CG015,CL040,2026-08-02,24,2.0,"BA15,BA14",880,1672
CG015,CL044,2026-08-02,12,2.4,"BA07,BA14",1010,1010
CG015,CL016,2026-08-02,23,1.5,"BA07,BA10,BA16",610,1068
CG016,CL055,2026-08-02,22,2.7,"BA07,BA14,BA16",1140,1653
CG016,CL031,2026-08-02,10,1.9,"BA10,BA07,BA01",740,740
CG016,CL007,2026-08-02,11,1.7,"BA15,BA10,BA07",675,878
CG016,CL016,2026-08-02,21,0.5,BA15,195,341
CG017,CL017,2026-08-02,14,1.4,"BA01,BA15,BA16",585,760
CG017,CL044,2026-08-02,24,1.6,BA14,685,685
CG017,CL049,2026-08-02,14,0.9,BA07,325,374
CG017,CL047,2026-08-02,23,0.5,BA02,195,370
CG017,CL050,2026-08-02,21,2.9,"BA14,BA07,BA02",1205,2109
CG018,CL052,2026-08-02,20,0.5,BA10,155,155
CG018,CL019,2026-08-02,14,0.5,BA16,130,169
CG018,CL048,2026-08-02,47,0.8,"BA01,BA10",415,726
CG018,CL056,2026-08-02,18,1.7,"BA01,BA10,BA07",740,962
CG019,CL025,2026-08-02,37,2.2,"BA01,BA14",945,1512
CG019,CL053,2026-08-02,20,1.8,"BA02,BA15,BA01",650,1040
CG019,CL041,2026-08-02,24,1.6,"BA07,BA15,BA10",675,776
CG019,CL024,2026-08-02,14,0.6,BA01,260,494
CG019,CL007,2026-08-02,25,0.5,BA01,260,338
CG020,CL009,2026-08-02,23,1.5,"BA15,BA16,BA02",520,754
CG020,CL025,2026-08-02,50,0.5,BA16,130,208
CG020,CL030,2026-08-02,23,1.1,"BA01,BA15",455,796
CG020,CL024,2026-08-02,16,0.9,"BA10,BA02",350,665
CG020,CL043,2026-08-02,13,2.6,"BA07,BA14,BA16",1140,1140
CG001,CL018,2026-08-03,24,0.5,BA15,195,224
CG001,CL013,2026-08-03,10,0.5,BA16,130,130
CG001,CL008,2026-08-03,17,0.6,BA16,130,208
CG001,CL055,2026-08-03,16,0.5,BA16,130,188
CG002,CL038,2026-08-03,17,1.1,"BA16,BA02",325,471
CG002,CL014,2026-08-03,10,0.8,"BA16,BA02",325,520
CG002,CL053,2026-08-03,18,0.5,BA01,260,416
CG003,CL001,2026-08-03,17,1.9,"BA07,BA01,BA02",780,1131
CG003,CL023,2026-08-03,11,0.6,BA15,195,283
CG003,CL051,2026-08-03,13,1.4,"BA01,BA10,BA15",610,976
CG004,CL038,2026-08-03,11,2.4,"BA16,BA15,BA14",1010,1464
CG004,CL007,2026-08-03,24,1.3,"BA01,BA16,BA10",545,708
CG004,CL029,2026-08-03,23,1.3,"BA01,BA10,BA15",610,1159
CG004,CL033,2026-08-03,12,1.9,"BA14,BA02",880,1540
CG004,CL015,2026-08-03,14,2.2,"BA14,BA15",880,1408
CG005,CL046,2026-08-03,19,2.0,"BA14,BA16",815,937
CG005,CL021,2026-08-03,13,2.5,"BA01,BA15,BA14",1140,1824
CG005,CL025,2026-08-03,43,0.9,"BA02,BA10",350,560
CG005,CL039,2026-08-03,24,0.8,"BA10,BA15",350,612
CG005,CL034,2026-08-03,20,1.4,"BA07,BA15",520,676
CG006,CL010,2026-08-03,12,0.5,BA16,130,150
CG006,CL044,2026-08-03,12,1.1,"BA01,BA15",455,455
CG006,CL060,2026-08-03,14,2.7,"BA01,BA14,BA15",1140,1482
CG006,CL031,2026-08-03,20,1.8,"BA01,BA10,BA07",740,740
CG007,CL004,2026-08-03,13,2.7,"BA14,BA02,BA15",1075,1881
CG007,CL019,2026-08-03,17,1.0,BA07,325,422
CG007,CL039,2026-08-03,21,0.5,BA16,130,228
CG007,CL020,2026-08-03,17,2.1,"BA16,BA14",815,815
CG007,CL023,2026-08-03,10,1.6,"BA15,BA16,BA07",650,942
CG008,CL018,2026-08-03,19,1.3,"BA07,BA01",585,673
CG008,CL045,2026-08-03,14,1.3,"BA15,BA10,BA01",610,884
CG008,CL049,2026-08-03,10,0.7,BA15,195,224
CG009,CL025,2026-08-03,40,0.9,BA07,325,520
CG009,CL027,2026-08-03,20,2.5,"BA14,BA01,BA15",1140,1995
CG009,CL030,2026-08-03,15,1.4,"BA01,BA15,BA16",585,1024
CG010,CL043,2026-08-03,24,1.5,"BA07,BA02",520,520
CG010,CL028,2026-08-03,13,0.9,"BA10,BA01",415,788
CG010,CL032,2026-08-03,25,1.9,"BA15,BA07,BA01",780,1248
CG010,CL039,2026-08-03,22,1.4,"BA01,BA16,BA02",585,1024
CG011,CL050,2026-08-03,18,1.2,"BA07,BA01",585,1024
CG011,CL009,2026-08-03,25,1.4,"BA10,BA02,BA15",545,790
CG011,CL049,2026-08-03,17,2.8,"BA14,BA15,BA07",1205,1386
CG012,CL056,2026-08-03,10,1.6,"BA01,BA07",585,760
CG012,CL048,2026-08-03,43,1.2,"BA10,BA15,BA16",480,840
CG012,CL003,2026-08-03,13,1.3,"BA01,BA07",585,1024
CG012,CL028,2026-08-03,24,1.6,"BA07,BA01,BA10",740,1406
CG013,CL028,2026-08-03,12,1.2,"BA16,BA07",455,864
CG013,CL038,2026-08-03,17,0.8,"BA16,BA02",325,471
CG013,CL026,2026-08-03,13,2.9,"BA14,BA02,BA07",1205,1205
CG014,CL053,2026-08-03,14,1.1,"BA02,BA16",325,520
CG014,CL042,2026-08-03,14,1.5,"BA01,BA02,BA10",610,610
CG014,CL010,2026-08-03,24,2.4,"BA14,BA15,BA16",1010,1162
CG014,CL016,2026-08-03,20,0.5,BA10,155,271
CG014,CL007,2026-08-03,25,1.4,"BA15,BA07",520,676
CG015,CL004,2026-08-03,24,0.9,"BA01,BA16",390,682
CG015,CL023,2026-08-03,19,0.5,BA15,195,283
CG015,CL033,2026-08-03,22,1.8,"BA14,BA16",815,1426
CG015,CL005,2026-08-03,24,2.1,"BA15,BA02,BA07",715,1251
CG015,CL020,2026-08-03,25,1.3,"BA02,BA01,BA10",610,610
CG016,CL046,2026-08-03,15,0.7,BA02,195,224
CG016,CL006,2026-08-03,24,2.4,"BA14,BA16,BA02",1010,1919
CG016,CL033,2026-08-03,21,0.8,"BA10,BA16",285,499
CG016,CL042,2026-08-03,11,1.9,"BA15,BA07,BA01",780,780
CG017,CL036,2026-08-03,19,1.1,"BA15,BA16",325,520
CG017,CL044,2026-08-03,14,2.0,"BA01,BA14",945,945
CG017,CL025,2026-08-03,41,0.9,"BA15,BA16",325,520
CG018,CL039,2026-08-03,19,1.6,"BA10,BA15,BA07",675,1181
CG018,CL046,2026-08-03,12,2.4,"BA15,BA10,BA14",1035,1190
CG018,CL006,2026-08-03,10,1.4,"BA07,BA02",520,988
CG019,CL050,2026-08-03,14,0.6,BA01,260,455
CG019,CL032,2026-08-03,13,2.3,"BA16,BA14,BA15",1010,1616
CG019,CL013,2026-08-03,20,2.3,"BA02,BA14,BA10",1035,1035
CG019,CL015,2026-08-03,15,0.6,BA16,130,208
CG020,CL047,2026-08-03,23,0.9,"BA15,BA16",325,618
CG020,CL029,2026-08-03,24,1.7,"BA07,BA15,BA10",675,1282
CG020,CL003,2026-08-03,17,0.7,"BA16,BA10",285,499
CG001,CL044,2026-08-04,19,2.0,"BA14,BA16",815,815
CG001,CL037,2026-08-04,15,0.6,BA16,130,150
CG001,CL029,2026-08-04,14,1.2,"BA01,BA15",455,864
CG001,CL030,2026-08-04,21,2.5,"BA01,BA15,BA14",1140,1995
CG002,CL006,2026-08-04,24,1.4,"BA02,BA10,BA01",610,1159
CG002,CL049,2026-08-04,24,0.8,"BA01,BA10",415,477
CG002,CL011,2026-08-04,22,1.6,"BA07,BA02,BA10",675,1080
CG002,CL018,2026-08-04,21,0.6,BA01,260,299
CG003,CL054,2026-08-04,20,0.5,BA02,195,312
CG003,CL046,2026-08-04,19,1.2,"BA15,BA02",390,448
CG003,CL042,2026-08-04,24,1.4,"BA01,BA16,BA15",585,585
CG004,CL054,2026-08-04,23,0.5,BA16,130,208
CG004,CL010,2026-08-04,17,0.9,"BA01,BA16",390,448
CG004,CL036,2026-08-04,23,2.1,"BA16,BA14,BA10",970,1552
CG005,CL054,2026-08-04,10,2.3,"BA14,BA16,BA02",1010,1616
CG005,CL058,2026-08-04,39,2.1,"BA01,BA14",945,1796
CG005,CL032,2026-08-04,17,1.5,"BA10,BA02,BA01",610,976
CG006,CL005,2026-08-04,10,0.6,"BA16,BA10",285,499
CG006,CL034,2026-08-04,22,1.2,"BA07,BA15",520,676
CG006,CL035,2026-08-04,21,0.9,BA07,325,374
CG006,CL033,2026-08-04,13,1.8,"BA15,BA07,BA02",715,1251
CG007,CL035,2026-08-04,15,1.4,"BA10,BA15,BA16",480,552
CG007,CL022,2026-08-04,15,0.7,BA01,260,494
CG007,CL053,2026-08-04,11,1.0,"BA02,BA01",455,728
CG007,CL042,2026-08-04,11,2.5,"BA07,BA14",1010,1010
CG008,CL031,2026-08-04,16,1.6,"BA07,BA01",585,585
CG008,CL017,2026-08-04,20,1.5,"BA01,BA07",585,760
CG008,CL003,2026-08-04,22,1.5,"BA10,BA16,BA07",610,1068
CG008,CL049,2026-08-04,25,2.7,"BA10,BA07,BA14",1165,1340
CG008,CL042,2026-08-04,12,1.4,"BA10,BA01,BA16",545,545
CG009,CL035,2026-08-04,13,0.9,BA07,325,374
CG009,CL019,2026-08-04,19,2.1,"BA14,BA15",880,1144
CG009,CL021,2026-08-04,15,1.4,"BA10,BA07,BA16",610,976
CG010,CL056,2026-08-04,18,1.6,"BA16,BA01,BA15",585,760
CG010,CL059,2026-08-04,42,2.0,"BA14,BA15",880,1408
CG010,CL023,2026-08-04,10,0.6,BA16,130,188
CG010,CL040,2026-08-04,24,0.5,BA02,195,370
CG010,CL028,2026-08-04,17,1.7,"BA07,BA16,BA10",610,1159
CG011,CL039,2026-08-04,24,1.1,"BA07,BA10",480,840
CG011,CL010,2026-08-04,14,1.8,"BA07,BA10,BA16",610,702
CG011,CL044,2026-08-04,18,0.5,BA01,260,260
CG012,CL012,2026-08-04,13,1.3,"BA16,BA07",455,523
CG012,CL032,2026-08-04,16,1.7,"BA07,BA15,BA10",675,1080
CG012,CL034,2026-08-04,13,0.5,BA16,130,169
CG012,CL025,2026-08-04,44,0.7,BA15,195,312
CG012,CL059,2026-08-04,32,1.6,"BA16,BA07,BA15",650,1040
CG013,CL035,2026-08-04,15,1.4,"BA15,BA16,BA02",520,598
CG013,CL019,2026-08-04,17,0.5,BA02,195,254
CG013,CL058,2026-08-04,37,1.5,"BA01,BA07",585,1112
CG013,CL020,2026-08-04,21,1.8,"BA16,BA14",815,815
CG013,CL055,2026-08-04,12,0.9,BA07,325,471
CG014,CL047,2026-08-04,23,2.1,"BA01,BA02,BA07",780,1482
CG014,CL031,2026-08-04,12,1.0,"BA10,BA15",350,350
CG014,CL034,2026-08-04,21,0.5,BA16,130,169
CG014,CL027,2026-08-04,15,0.5,BA10,155,271
CG014,CL050,2026-08-04,11,1.5,BA14,685,1199
CG015,CL011,2026-08-04,17,2.3,"BA14,BA07",1010,1616
CG015,CL021,2026-08-04,18,0.7,BA15,195,312
CG015,CL060,2026-08-04,18,0.6,BA15,195,254
CG015,CL046,2026-08-04,12,2.7,"BA15,BA02,BA14",1075,1236
CG016,CL011,2026-08-04,20,1.3,"BA01,BA16,BA15",585,936
CG016,CL043,2026-08-04,18,2.6,"BA02,BA14,BA10",1035,1035
CG016,CL040,2026-08-04,10,2.1,"BA15,BA14",880,1672
CG017,CL020,2026-08-04,22,0.8,"BA10,BA01",415,415
CG017,CL031,2026-08-04,15,0.8,"BA10,BA16",285,285
CG017,CL016,2026-08-04,16,2.1,"BA14,BA02",880,1540
CG017,CL052,2026-08-04,20,1.5,"BA16,BA07,BA10",610,610
CG017,CL044,2026-08-04,21,2.9,"BA14,BA01,BA07",1270,1270
CG018,CL008,2026-08-04,14,0.6,BA01,260,416
CG018,CL018,2026-08-04,22,1.4,"BA10,BA02,BA15",545,627
CG018,CL029,2026-08-04,20,0.5,BA16,130,247
CG018,CL016,2026-08-04,25,1.7,"BA10,BA16,BA07",610,1068
CG019,CL006,2026-08-04,24,0.7,BA02,195,370
CG019,CL026,2026-08-04,21,0.6,BA01,260,260
CG019,CL033,2026-08-04,25,1.2,"BA16,BA15,BA10",480,840
CG020,CL001,2026-08-04,18,1.4,"BA07,BA10,BA16",610,884
CG020,CL055,2026-08-04,22,1.7,BA14,685,993
CG020,CL007,2026-08-04,16,2.3,"BA14,BA07",1010,1313
CG020,CL028,2026-08-04,22,2.9,"BA10,BA14,BA07",1165,2214
CG020,CL009,2026-08-04,13,0.6,BA01,260,377
CG001,CL051,2026-08-05,14,1.7,BA14,685,1096
CG001,CL022,2026-08-05,22,1.3,"BA01,BA16,BA15",585,1112
CG001,CL036,2026-08-05,20,1.8,"BA14,BA10",840,1344
CG001,CL024,2026-08-05,14,2.3,"BA14,BA07",1010,1919
CG002,CL040,2026-08-05,20,2.5,"BA16,BA14,BA15",1010,1919
CG002,CL048,2026-08-05,48,0.9,"BA10,BA01",415,726
CG002,CL054,2026-08-05,20,2.4,"BA01,BA10,BA14",1100,1760
CG002,CL020,2026-08-05,10,2.9,"BA10,BA07,BA14",1165,1165
CG003,CL047,2026-08-05,25,1.8,BA14,685,1302
CG003,CL004,2026-08-05,22,0.5,BA16,130,228
CG003,CL038,2026-08-05,11,1.4,"BA15,BA01,BA02",650,942
CG004,CL021,2026-08-05,16,2.0,"BA14,BA16",815,1304
CG004,CL027,2026-08-05,11,2.5,"BA02,BA14,BA16",1010,1768
CG004,CL010,2026-08-05,20,2.2,"BA10,BA14,BA16",970,1116
CG004,CL045,2026-08-05,15,2.5,"BA14,BA07",1010,1464
CG005,CL044,2026-08-05,18,1.4,"BA10,BA02,BA15",545,545
CG005,CL050,2026-08-05,19,0.9,BA07,325,569
CG005,CL056,2026-08-05,16,1.8,"BA15,BA10,BA07",675,878
CG005,CL047,2026-08-05,21,1.7,"BA16,BA15,BA07",650,1235
CG006,CL037,2026-08-05,22,1.1,"BA16,BA07",455,523
CG006,CL044,2026-08-05,19,0.8,BA07,325,325
CG006,CL035,2026-08-05,21,1.5,"BA15,BA07",520,598
CG007,CL013,2026-08-05,18,1.8,"BA15,BA07,BA02",715,715
CG007,CL053,2026-08-05,17,0.7,BA01,260,416
CG007,CL035,2026-08-05,17,1.6,"BA02,BA01,BA15",650,747
CG008,CL046,2026-08-05,14,1.5,BA14,685,788
CG008,CL031,2026-08-05,23,1.2,"BA10,BA16,BA02",480,480
CG008,CL007,2026-08-05,20,0.9,"BA15,BA01",455,592
CG008,CL044,2026-08-05,17,1.3,"BA15,BA16,BA01",585,585
CG009,CL057,2026-08-05,11,0.7,"BA16,BA10",285,413
CG009,CL054,2026-08-05,19,0.6,BA01,260,416
CG009,CL012,2026-08-05,13,1.4,"BA07,BA10",480,552
CG009,CL060,2026-08-05,25,0.5,BA16,130,169
CG010,CL018,2026-08-05,20,0.7,BA15,195,224
CG010,CL013,2026-08-05,18,1.9,"BA02,BA01,BA07",780,780
CG010,CL052,2026-08-05,16,1.8,BA14,685,685
CG010,CL008,2026-08-05,22,2.3,"BA14,BA07",1010,1616
CG011,CL043,2026-08-05,25,1.1,"BA02,BA01",455,455
CG011,CL007,2026-08-05,22,0.5,BA10,155,202
CG011,CL012,2026-08-05,20,2.2,"BA14,BA15",880,1012
CG011,CL009,2026-08-05,10,1.4,"BA15,BA07",520,754
CG012,CL043,2026-08-05,19,0.5,BA10,155,155
CG012,CL008,2026-08-05,19,1.9,"BA01,BA15,BA07",780,1248
CG012,CL030,2026-08-05,17,0.7,BA02,195,341
CG013,CL030,2026-08-05,21,2.2,"BA15,BA14",880,1540
CG013,CL048,2026-08-05,47,1.6,"BA16,BA02,BA15",520,910
CG013,CL039,2026-08-05,12,2.6,"BA10,BA14,BA07",1165,2039
CG014,CL008,2026-08-05,16,2.6,"BA14,BA02,BA15",1075,1720
CG014,CL004,2026-08-05,24,0.5,BA15,195,341
CG014,CL054,2026-08-05,25,1.6,BA14,685,1096
CG014,CL036,2026-08-05,11,2.1,"BA02,BA14",880,1408
CG014,CL058,2026-08-05,44,2.4,"BA01,BA14,BA10",1100,2090
CG015,CL002,2026-08-05,16,1.3,"BA01,BA16,BA10",545,708
CG015,CL026,2026-08-05,12,1.1,"BA01,BA16,BA10",545,545
CG015,CL017,2026-08-05,19,1.1,"BA02,BA16",325,422
CG015,CL053,2026-08-05,23,0.8,"BA10,BA16",285,456
CG015,CL001,2026-08-05,22,0.7,BA15,195,283
CG016,CL042,2026-08-05,13,1.6,BA14,685,685
CG016,CL056,2026-08-05,14,1.6,"BA02,BA01,BA15",650,845
CG016,CL023,2026-08-05,24,2.5,"BA15,BA14,BA10",1035,1501
CG017,CL053,2026-08-05,21,0.8,BA07,325,520
CG017,CL015,2026-08-05,13,0.5,BA16,130,208
CG017,CL016,2026-08-05,10,0.5,BA02,195,341
CG017,CL030,2026-08-05,13,2.3,"BA01,BA10,BA14",1100,1925
CG018,CL048,2026-08-05,44,1.5,BA14,685,1199
CG018,CL003,2026-08-05,11,1.6,BA14,685,1199
CG018,CL026,2026-08-05,17,2.9,"BA14,BA07,BA16",1140,1140
CG019,CL053,2026-08-05,14,2.4,"BA14,BA02,BA10",1035,1656
CG019,CL021,2026-08-05,18,1.7,BA14,685,1096
CG019,CL016,2026-08-05,15,2.5,"BA15,BA10,BA14",1035,1811
CG019,CL020,2026-08-05,11,0.9,"BA15,BA16",325,325
CG019,CL057,2026-08-05,20,1.2,"BA10,BA16,BA02",480,696
CG020,CL012,2026-08-05,17,0.8,BA07,325,374
CG020,CL049,2026-08-05,24,1.6,BA14,685,788
CG020,CL035,2026-08-05,23,2.4,"BA14,BA02,BA10",1035,1190
CG020,CL031,2026-08-05,18,1.1,BA07,325,325
CG001,CL060,2026-08-06,21,1.5,BA14,685,890
CG001,CL029,2026-08-06,11,1.1,"BA10,BA15",350,665
CG001,CL055,2026-08-06,11,0.7,BA02,195,283
CG002,CL043,2026-08-06,20,1.0,"BA01,BA02",455,455
CG002,CL036,2026-08-06,13,1.4,"BA16,BA10,BA02",480,768
CG002,CL014,2026-08-06,16,2.1,"BA02,BA14",880,1408
CG002,CL031,2026-08-06,19,2.1,"BA10,BA14",840,840
CG002,CL056,2026-08-06,21,1.4,"BA07,BA16",455,592
CG003,CL030,2026-08-06,25,1.4,"BA02,BA07",520,910
CG003,CL007,2026-08-06,23,1.5,BA14,685,890
CG003,CL052,2026-08-06,14,1.0,BA07,325,325
CG003,CL047,2026-08-06,23,0.9,"BA02,BA16",325,618
CG004,CL025,2026-08-06,37,2.1,"BA14,BA15",880,1408
CG004,CL037,2026-08-06,18,1.0,"BA15,BA16",325,374
CG004,CL054,2026-08-06,24,0.6,BA15,195,312
CG005,CL009,2026-08-06,25,1.8,BA14,685,993
CG005,CL047,2026-08-06,11,1.2,"BA01,BA16,BA15",585,1112
CG005,CL035,2026-08-06,23,0.6,BA16,130,150
CG006,CL005,2026-08-06,10,1.6,BA14,685,1199
CG006,CL046,2026-08-06,21,1.8,BA14,685,788
CG006,CL010,2026-08-06,25,1.5,"BA10,BA01,BA15",610,702
CG007,CL027,2026-08-06,18,3.0,"BA07,BA01,BA14",1270,2222
CG007,CL001,2026-08-06,15,0.7,BA01,260,377
CG007,CL002,2026-08-06,14,0.7,BA02,195,254
CG007,CL034,2026-08-06,18,1.1,"BA07,BA10",480,624
CG007,CL047,2026-08-06,21,1.9,"BA10,BA14",840,1596
CG008,CL015,2026-08-06,12,1.3,"BA16,BA15,BA01",585,936
CG008,CL020,2026-08-06,22,2.0,"BA10,BA14",840,840
CG008,CL044,2026-08-06,11,1.4,"BA01,BA15,BA02",650,650
CG008,CL053,2026-08-06,25,1.6,"BA15,BA07",520,832
CG008,CL055,2026-08-06,13,1.7,"BA01,BA02,BA15",650,942
CG009,CL018,2026-08-06,18,2.5,"BA14,BA15,BA01",1140,1311
CG009,CL003,2026-08-06,20,0.7,BA02,195,341
CG009,CL060,2026-08-06,14,1.2,"BA16,BA10,BA01",545,708
CG009,CL005,2026-08-06,15,2.5,"BA02,BA14,BA10",1035,1811
CG010,CL025,2026-08-06,32,1.8,"BA15,BA07,BA01",780,1248
CG010,CL049,2026-08-06,23,0.5,BA16,130,150
CG010,CL048,2026-08-06,40,2.5,"BA16,BA14,BA15",1010,1768
CG010,CL009,2026-08-06,20,0.6,BA15,195,283
CG011,CL032,2026-08-06,22,1.2,"BA02,BA15",390,624
CG011,CL015,2026-08-06,22,0.6,BA16,130,208
CG011,CL023,2026-08-06,19,0.5,BA15,195,283
CG011,CL036,2026-08-06,12,1.1,"BA02,BA10",350,560
CG012,CL048,2026-08-06,41,0.5,BA01,260,455
CG012,CL025,2026-08-06,39,1.1,"BA07,BA16",455,728
CG012,CL021,2026-08-06,14,0.6,BA02,195,312
CG013,CL036,2026-08-06,10,1.0,BA07,325,520
CG013,CL033,2026-08-06,12,2.6,"BA14,BA07,BA10",1165,2039
CG013,CL027,2026-08-06,19,1.0,"BA10,BA01",415,726
CG013,CL007,2026-08-06,17,2.3,"BA14,BA02,BA10",1035,1346
CG014,CL018,2026-08-06,14,0.6,BA02,195,224
CG014,CL020,2026-08-06,18,1.1,"BA07,BA10",480,480
CG014,CL032,2026-08-06,21,1.2,"BA02,BA15",390,624
CG015,CL039,2026-08-06,13,0.8,BA07,325,569
CG015,CL040,2026-08-06,22,1.9,"BA16,BA14",815,1548
CG015,CL013,2026-08-06,20,1.4,"BA07,BA10",480,480
CG015,CL030,2026-08-06,14,2.4,"BA07,BA14",1010,1768
CG016,CL021,2026-08-06,25,1.8,"BA16,BA02,BA07",650,1040
CG016,CL012,2026-08-06,18,1.6,"BA07,BA01",585,673
CG016,CL026,2026-08-06,16,2.2,"BA14,BA02,BA16",1010,1010
CG016,CL019,2026-08-06,24,1.6,"BA02,BA10,BA07",675,878
CG017,CL044,2026-08-06,19,0.8,BA07,325,325
CG017,CL032,2026-08-06,23,1.1,"BA01,BA10",415,664
CG017,CL009,2026-08-06,25,2.5,"BA10,BA14,BA15",1035,1501
CG017,CL041,2026-08-06,11,2.2,"BA15,BA14",880,1012
CG018,CL059,2026-08-06,41,0.7,BA15,195,312
CG018,CL006,2026-08-06,11,1.2,"BA15,BA16,BA10",480,912
CG018,CL007,2026-08-06,23,0.5,BA01,260,338
CG018,CL050,2026-08-06,18,1.7,BA14,685,1199
CG018,CL016,2026-08-06,17,1.3,"BA07,BA10",480,840
CG019,CL038,2026-08-06,10,1.5,"BA01,BA07",585,848
CG019,CL045,2026-08-06,12,0.5,BA16,130,188
CG019,CL033,2026-08-06,21,1.2,"BA07,BA10",480,840
CG019,CL010,2026-08-06,25,1.0,"BA10,BA01",415,477
CG019,CL023,2026-08-06,24,1.3,"BA01,BA07",585,848
CG020,CL008,2026-08-06,13,1.5,"BA16,BA02,BA15",520,832
CG020,CL002,2026-08-06,15,3.0,"BA02,BA07,BA14",1205,1566
CG020,CL055,2026-08-06,24,0.5,BA16,130,188
CG020,CL022,2026-08-06,15,0.6,BA15,195,370
CG020,CL042,2026-08-06,22,0.7,BA15,195,195
CG001,CL029,2026-08-07,22,0.5,BA15,195,370
CG001,CL038,2026-08-07,16,0.8,"BA16,BA15",325,471
CG001,CL028,2026-08-07,13,1.9,"BA02,BA07,BA15",715,1358
CG002,CL008,2026-08-07,25,3.0,"BA15,BA07,BA14",1205,1928
CG002,CL017,2026-08-07,22,2.0,"BA01,BA07,BA15",780,1014
CG002,CL043,2026-08-07,15,3.0,"BA15,BA07,BA14",1205,1205
CG002,CL056,2026-08-07,12,1.9,"BA02,BA07,BA01",780,1014
CG003,CL008,2026-08-07,14,2.1,"BA10,BA16,BA14",970,1552
CG003,CL012,2026-08-07,22,1.1,"BA02,BA10",350,402
CG003,CL024,2026-08-07,15,1.6,"BA02,BA10,BA07",675,1282
CG003,CL045,2026-08-07,15,0.9,"BA16,BA10",285,413
CG004,CL056,2026-08-07,25,0.6,BA02,195,254
CG004,CL023,2026-08-07,25,1.0,"BA15,BA10",350,508
CG004,CL001,2026-08-07,24,1.2,"BA02,BA01",455,660
CG005,CL051,2026-08-07,19,0.9,BA07,325,520
CG005,CL049,2026-08-07,19,0.5,BA16,130,150
CG005,CL015,2026-08-07,25,2.3,"BA14,BA01,BA16",1075,1720
CG006,CL050,2026-08-07,11,2.5,"BA10,BA14,BA02",1035,1811
CG006,CL035,2026-08-07,13,1.4,"BA16,BA15,BA02",520,598
CG006,CL053,2026-08-07,11,1.1,"BA07,BA16",455,728
CG006,CL024,2026-08-07,24,0.5,BA16,130,247
CG007,CL052,2026-08-07,21,2.3,"BA14,BA15,BA10",1035,1035
CG007,CL048,2026-08-07,49,0.5,BA16,130,228
CG007,CL038,2026-08-07,16,1.6,BA14,685,993
CG008,CL018,2026-08-07,19,2.5,"BA14,BA07",1010,1162
CG008,CL039,2026-08-07,13,0.5,BA16,130,228
CG008,CL035,2026-08-07,11,0.8,"BA16,BA15",325,374
CG008,CL011,2026-08-07,14,0.6,BA02,195,312
CG008,CL021,2026-08-07,17,1.4,"BA10,BA16,BA02",480,768
CG009,CL018,2026-08-07,12,1.4,"BA16,BA01,BA10",545,627
CG009,CL041,2026-08-07,18,1.8,"BA07,BA10,BA15",675,776
CG009,CL027,2026-08-07,10,1.6,"BA01,BA15,BA10",610,1068
CG009,CL025,2026-08-07,41,0.5,BA16,130,208
CG009,CL029,2026-08-07,22,0.5,BA10,155,294
CG010,CL018,2026-08-07,20,2.5,"BA14,BA02,BA16",1010,1162
CG010,CL021,2026-08-07,20,1.3,"BA16,BA01,BA15",585,936
CG010,CL054,2026-08-07,24,0.5,BA01,260,416
CG010,CL019,2026-08-07,24,0.8,"BA01,BA10",415,540
CG011,CL059,2026-08-07,35,1.1,"BA01,BA15",455,728
CG011,CL009,2026-08-07,18,1.1,BA07,325,471
CG011,CL057,2026-08-07,15,0.6,BA10,155,225
CG011,CL042,2026-08-07,19,1.6,"BA15,BA02,BA10",545,545
CG011,CL020,2026-08-07,12,1.5,"BA01,BA16,BA02",585,585
CG012,CL009,2026-08-07,24,0.6,BA01,260,377
CG012,CL038,2026-08-07,13,1.2,"BA15,BA02",390,566
CG012,CL015,2026-08-07,12,0.5,BA10,155,248
CG013,CL052,2026-08-07,19,0.5,BA10,155,155
CG013,CL007,2026-08-07,14,1.7,BA14,685,890
CG013,CL021,2026-08-07,10,1.4,"BA15,BA02,BA10",545,872
CG013,CL024,2026-08-07,16,1.6,"BA15,BA02,BA10",545,1036
CG013,CL057,2026-08-07,24,0.5,BA01,260,377
CG014,CL049,2026-08-07,22,1.1,"BA10,BA07",480,552
CG014,CL008,2026-08-07,17,1.0,"BA15,BA01",455,728
CG014,CL038,2026-08-07,19,1.9,"BA01,BA15,BA07",780,1131
CG015,CL039,2026-08-07,19,1.4,"BA01,BA02,BA10",610,1068
CG015,CL033,2026-08-07,13,0.6,BA10,155,271
CG015,CL013,2026-08-07,12,1.8,"BA01,BA07,BA15",780,780
CG015,CL048,2026-08-07,42,2.7,"BA10,BA07,BA14",1165,2039
CG015,CL026,2026-08-07,25,0.7,BA01,260,260
CG016,CL001,2026-08-07,11,0.5,BA16,130,188
CG016,CL017,2026-08-07,19,2.5,"BA15,BA14,BA10",1035,1346
CG016,CL014,2026-08-07,22,0.7,BA15,195,312
CG017,CL040,2026-08-07,12,2.4,"BA02,BA16,BA14",1010,1919
CG017,CL010,2026-08-07,22,1.4,"BA15,BA16,BA01",585,673
CG017,CL018,2026-08-07,23,1.4,"BA16,BA02,BA01",585,673
CG017,CL006,2026-08-07,12,1.1,"BA01,BA10",415,788
CG017,CL020,2026-08-07,11,0.8,"BA15,BA16",325,325
CG018,CL001,2026-08-07,10,0.5,BA10,155,225
CG018,CL046,2026-08-07,18,0.8,BA07,325,374
CG018,CL009,2026-08-07,18,1.8,"BA01,BA16,BA07",715,1037
CG019,CL034,2026-08-07,12,1.9,"BA10,BA14",840,1092
CG019,CL005,2026-08-07,11,1.8,"BA16,BA14",815,1426
CG019,CL017,2026-08-07,21,0.8,BA07,325,422
CG019,CL046,2026-08-07,13,0.7,BA15,195,224
CG020,CL003,2026-08-07,10,0.7,BA01,260,455
CG020,CL055,2026-08-07,21,0.8,"BA02,BA16",325,471
CG020,CL056,2026-08-07,23,0.9,BA07,325,422
CG001,CL059,2026-08-08,32,2.8,"BA07,BA01,BA14",1270,2032
CG001,CL047,2026-08-08,15,0.5,BA16,130,247
CG001,CL021,2026-08-08,11,0.9,"BA01,BA10",415,664
CG001,CL018,2026-08-08,19,2.1,"BA01,BA14",945,1087
CG002,CL024,2026-08-08,19,2.4,"BA14,BA02,BA10",1035,1966
CG002,CL013,2026-08-08,25,0.7,BA15,195,195
CG002,CL019,2026-08-08,17,0.6,BA01,260,338
CG003,CL015,2026-08-08,10,1.1,"BA01,BA15",455,728
CG003,CL035,2026-08-08,19,0.7,BA02,195,224
CG003,CL023,2026-08-08,17,0.8,"BA10,BA01",415,602
CG004,CL018,2026-08-08,23,1.9,"BA07,BA10,BA01",740,851
CG004,CL006,2026-08-08,13,1.3,"BA02,BA15,BA10",545,1036
CG004,CL003,2026-08-08,11,1.0,"BA15,BA02",390,682
CG004,CL059,2026-08-08,39,1.3,"BA16,BA07",455,728
CG004,CL015,2026-08-08,20,1.2,"BA10,BA07",480,768
CG005,CL013,2026-08-08,13,0.5,BA01,260,260
CG005,CL009,2026-08-08,24,1.1,"BA07,BA10",480,696
CG005,CL050,2026-08-08,21,0.5,BA10,155,271
CG006,CL017,2026-08-08,15,2.8,"BA07,BA15,BA14",1205,1566
CG006,CL055,2026-08-08,16,1.0,"BA02,BA01",455,660
CG006,CL008,2026-08-08,21,2.1,"BA14,BA01",945,1512
CG006,CL006,2026-08-08,18,0.6,BA01,260,494
CG007,CL036,2026-08-08,24,0.5,BA16,130,208
CG007,CL048,2026-08-08,33,0.5,BA01,260,455
CG007,CL016,2026-08-08,14,0.5,BA16,130,228
CG007,CL007,2026-08-08,21,1.6,"BA15,BA16,BA01",585,760
CG008,CL017,2026-08-08,12,0.7,BA15,195,254
CG008,CL059,2026-08-08,34,0.5,BA16,130,208
CG008,CL053,2026-08-08,13,0.5,BA10,155,248
CG008,CL005,2026-08-08,15,1.3,"BA10,BA15,BA16",480,840
CG008,CL002,2026-08-08,10,0.8,"BA15,BA10",350,455
CG009,CL014,2026-08-08,18,1.2,"BA02,BA01",455,728
CG009,CL059,2026-08-08,49,2.0,"BA02,BA15,BA07",715,1144
CG009,CL012,2026-08-08,23,1.4,"BA10,BA01,BA15",610,702
CG009,CL018,2026-08-08,22,0.5,BA10,155,178
CG010,CL057,2026-08-08,10,0.9,"BA16,BA15",325,471
CG010,CL052,2026-08-08,25,1.7,"BA16,BA10,BA07",610,610
CG010,CL034,2026-08-08,20,1.2,"BA07,BA02",520,676
CG010,CL016,2026-08-08,20,1.8,"BA02,BA01,BA07",780,1365
CG010,CL041,2026-08-08,25,2.8,"BA07,BA14,BA02",1205,1386
CG011,CL016,2026-08-08,11,1.6,BA14,685,1199
CG011,CL043,2026-08-08,21,0.5,BA02,195,195
CG011,CL018,2026-08-08,20,2.8,"BA15,BA07,BA14",1205,1386
CG012,CL045,2026-08-08,25,1.6,"BA07,BA02,BA10",675,979
CG012,CL023,2026-08-08,12,0.7,BA02,195,283
CG012,CL037,2026-08-08,17,1.7,BA14,685,788
CG012,CL010,2026-08-08,10,2.0,"BA14,BA02",880,1012
CG012,CL013,2026-08-08,20,1.8,"BA02,BA07,BA01",780,780
CG013,CL038,2026-08-08,14,0.5,BA16,130,188
CG013,CL046,2026-08-08,21,0.9,BA07,325,374
CG013,CL059,2026-08-08,48,0.9,BA07,325,520
CG014,CL009,2026-08-08,25,3.1,"BA07,BA02,BA14",1205,1747
CG014,CL011,2026-08-08,21,0.7,BA15,195,312
CG014,CL047,2026-08-08,15,1.4,"BA07,BA15",520,988
CG014,CL028,2026-08-08,14,0.5,BA15,195,370
CG015,CL037,2026-08-08,15,3.1,"BA07,BA14,BA02",1205,1386
CG015,CL026,2026-08-08,13,1.3,"BA02,BA07",520,520
CG015,CL055,2026-08-08,17,1.6,"BA07,BA02",520,754
CG015,CL050,2026-08-08,12,1.8,"BA15,BA16,BA07",650,1138
CG015,CL003,2026-08-08,10,0.8,"BA02,BA16",325,569
CG016,CL017,2026-08-08,10,0.5,BA10,155,202
CG016,CL051,2026-08-08,23,0.5,BA10,155,248
CG016,CL007,2026-08-08,22,1.8,"BA14,BA10",840,1092
CG016,CL047,2026-08-08,25,1.3,"BA15,BA16,BA02",520,988
CG017,CL005,2026-08-08,19,0.9,BA07,325,569
CG017,CL052,2026-08-08,13,0.8,BA07,325,325
CG017,CL055,2026-08-08,22,0.5,BA15,195,283
CG017,CL003,2026-08-08,12,2.0,"BA14,BA16",815,1426
CG018,CL002,2026-08-08,23,0.5,BA01,260,338
CG018,CL028,2026-08-08,20,0.6,BA02,195,370
CG018,CL042,2026-08-08,18,1.6,"BA07,BA16,BA02",650,650
CG018,CL011,2026-08-08,11,2.0,"BA14,BA16",815,1304
CG018,CL039,2026-08-08,14,0.8,BA07,325,569
CG019,CL006,2026-08-08,25,0.5,BA01,260,494
CG019,CL019,2026-08-08,16,0.6,BA15,195,254
CG019,CL053,2026-08-08,12,0.9,"BA16,BA01",390,624
CG019,CL043,2026-08-08,22,0.9,"BA10,BA15",350,350
CG020,CL042,2026-08-08,15,1.2,"BA10,BA07",480,480
CG020,CL035,2026-08-08,24,1.0,BA07,325,374
CG020,CL025,2026-08-08,44,1.6,"BA02,BA07",520,832
CG001,CL010,2026-08-09,13,0.6,BA15,195,224
CG001,CL049,2026-08-09,23,2.6,"BA02,BA14,BA01",1140,1311
CG001,CL045,2026-08-09,23,2.4,"BA15,BA10,BA14",1035,1501
CG002,CL020,2026-08-09,11,2.6,"BA14,BA16,BA15",1010,1010
CG002,CL006,2026-08-09,14,0.5,BA16,130,247
CG002,CL026,2026-08-09,15,0.5,BA02,195,195
CG002,CL058,2026-08-09,34,0.5,BA10,155,294
CG003,CL028,2026-08-09,18,0.9,"BA15,BA01",455,864
CG003,CL013,2026-08-09,22,2.7,"BA10,BA14,BA07",1165,1165
CG003,CL053,2026-08-09,24,0.6,BA16,130,208
CG003,CL041,2026-08-09,23,0.5,BA10,155,178
CG003,CL010,2026-08-09,14,2.3,"BA14,BA16,BA01",1075,1236
CG004,CL050,2026-08-09,21,1.4,"BA07,BA10",480,840
CG004,CL007,2026-08-09,25,2.3,"BA14,BA10,BA01",1100,1430
CG004,CL051,2026-08-09,18,2.2,"BA02,BA14",880,1408
CG004,CL019,2026-08-09,22,0.5,BA10,155,202
CG004,CL056,2026-08-09,17,0.7,BA15,195,254
CG005,CL058,2026-08-09,39,1.1,"BA07,BA10",480,912
CG005,CL024,2026-08-09,17,1.0,BA07,325,618
CG005,CL002,2026-08-09,20,1.1,"BA15,BA10",350,455
CG005,CL022,2026-08-09,12,0.5,BA10,155,294
CG006,CL048,2026-08-09,41,1.5,BA14,685,1199
CG006,CL032,2026-08-09,12,2.1,"BA15,BA14",880,1408
CG006,CL049,2026-08-09,14,2.5,"BA14,BA01,BA02",1140,1311
CG006,CL034,2026-08-09,16,0.5,BA02,195,254
CG007,CL004,2026-08-09,16,1.4,"BA07,BA10",480,840
CG007,CL059,2026-08-09,42,1.4,"BA01,BA15,BA16",585,936
CG007,CL024,2026-08-09,21,1.8,"BA14,BA10",840,1596
CG007,CL046,2026-08-09,25,2.8,"BA14,BA07,BA15",1205,1386
CG008,CL048,2026-08-09,39,0.5,BA10,155,271
CG008,CL054,2026-08-09,15,1.6,"BA16,BA02,BA15",520,832
CG008,CL045,2026-08-09,17,1.9,"BA02,BA07,BA10",675,979
CG008,CL006,2026-08-09,10,1.6,"BA01,BA10,BA02",610,1159
CG009,CL039,2026-08-09,17,2.6,"BA14,BA07",1010,1768
CG009,CL052,2026-08-09,18,1.3,"BA10,BA07",480,480
CG009,CL001,2026-08-09,18,0.5,BA10,155,225
CG010,CL034,2026-08-09,13,1.6,BA14,685,890
CG010,CL053,2026-08-09,19,1.2,"BA15,BA01",455,728
CG010,CL040,2026-08-09,12,1.4,"BA07,BA15",520,988
CG010,CL026,2026-08-09,18,1.1,"BA15,BA16",325,325
CG010,CL038,2026-08-09,19,0.7,BA02,195,283
CG011,CL058,2026-08-09,49,1.3,"BA15,BA07",520,988
CG011,CL004,2026-08-09,10,1.8,"BA10,BA07,BA15",675,1181
CG011,CL052,2026-08-09,22,1.2,"BA15,BA01",455,455
CG012,CL037,2026-08-09,17,2.4,"BA14,BA15,BA10",1035,1190
CG012,CL053,2026-08-09,19,0.5,BA16,130,208
CG012,CL013,2026-08-09,15,0.8,"BA01,BA10",415,415
CG012,CL022,2026-08-09,18,2.4,"BA16,BA14,BA02",1010,1919
CG012,CL047,2026-08-09,12,0.9,BA07,325,618
CG013,CL056,2026-08-09,20,2.4,"BA07,BA14",1010,1313
CG013,CL020,2026-08-09,24,0.5,BA10,155,155
CG013,CL027,2026-08-09,12,2.0,"BA02,BA14",880,1540
CG013,CL051,2026-08-09,22,1.6,"BA07,BA10,BA01",740,1184
CG013,CL057,2026-08-09,14,1.0,BA07,325,471
CG014,CL058,2026-08-09,35,0.5,BA10,155,294
CG014,CL059,2026-08-09,50,1.1,BA07,325,520
CG014,CL030,2026-08-09,11,0.5,BA10,155,271
CG014,CL010,2026-08-09,16,1.5,BA14,685,788
CG014,CL021,2026-08-09,25,0.7,BA02,195,312
CG015,CL041,2026-08-09,22,0.7,BA01,260,299
CG015,CL028,2026-08-09,16,1.9,"BA07,BA01,BA16",715,1358
CG015,CL026,2026-08-09,16,0.5,BA15,195,195
CG015,CL031,2026-08-09,17,0.6,BA15,195,195
CG016,CL009,2026-08-09,19,0.5,BA01,260,377
CG016,CL007,2026-08-09,19,1.0,"BA10,BA15",350,455
CG016,CL025,2026-08-09,49,1.8,"BA07,BA10,BA02",675,1080
CG016,CL033,2026-08-09,25,0.8,"BA16,BA02",325,569
CG017,CL002,2026-08-09,16,2.5,"BA01,BA14,BA15",1140,1482
CG017,CL015,2026-08-09,13,0.8,"BA15,BA16",325,520
CG017,CL047,2026-08-09,22,2.8,"BA07,BA14,BA15",1205,2290
CG017,CL009,2026-08-09,11,1.3,"BA01,BA15,BA16",585,848
CG018,CL008,2026-08-09,18,1.0,"BA15,BA02",390,624
CG018,CL027,2026-08-09,10,0.8,"BA10,BA15",350,612
CG018,CL029,2026-08-09,18,2.6,"BA14,BA15,BA02",1075,2042
CG018,CL025,2026-08-09,33,2.6,"BA15,BA14,BA01",1140,1824
CG018,CL036,2026-08-09,13,0.5,BA10,155,248
CG019,CL013,2026-08-09,16,0.9,"BA15,BA10",350,350
CG019,CL050,2026-08-09,15,1.7,BA14,685,1199
CG019,CL017,2026-08-09,16,1.6,"BA10,BA07,BA02",675,878
CG019,CL054,2026-08-09,10,2.5,"BA01,BA16,BA14",1075,1720
CG019,CL034,2026-08-09,14,0.5,BA16,130,169
CG020,CL047,2026-08-09,18,1.7,"BA02,BA10,BA07",675,1282
CG020,CL007,2026-08-09,24,0.5,BA01,260,338
CG020,CL058,2026-08-09,31,1.4,"BA07,BA15",520,988
CG001,CL048,2026-08-10,31,0.5,BA16,130,228
CG001,CL008,2026-08-10,15,1.4,"BA07,BA10",480,768
CG001,CL007,2026-08-10,18,1.8,"BA01,BA07,BA15",780,1014
CG001,CL055,2026-08-10,13,0.7,"BA10,BA16",285,413
CG002,CL045,2026-08-10,23,1.3,"BA16,BA02,BA01",585,848
CG002,CL055,2026-08-10,11,0.6,BA01,260,377
CG002,CL031,2026-08-10,25,1.6,"BA15,BA10,BA02",545,545
CG002,CL052,2026-08-10,22,2.0,"BA14,BA01",945,945
CG003,CL059,2026-08-10,43,0.9,"BA01,BA16",390,624
CG003,CL032,2026-08-10,20,0.7,BA15,195,312
CG003,CL008,2026-08-10,17,2.9,"BA16,BA07,BA14",1140,1824
CG003,CL057,2026-08-10,13,0.9,"BA15,BA16",325,471
CG004,CL023,2026-08-10,22,0.5,BA16,130,188
CG004,CL043,2026-08-10,11,0.5,BA15,195,195
CG004,CL044,2026-08-10,25,0.8,"BA16,BA02",325,325
CG004,CL042,2026-08-10,25,1.4,"BA02,BA07",520,520
CG005,CL033,2026-08-10,22,0.8,"BA16,BA02",325,569
CG005,CL015,2026-08-10,24,2.0,"BA16,BA14",815,1304
CG005,CL036,2026-08-10,12,1.1,"BA10,BA07",480,768
CG006,CL048,2026-08-10,42,2.2,"BA01,BA14",945,1654
CG006,CL042,2026-08-10,10,0.6,BA16,130,130
CG006,CL002,2026-08-10,19,2.4,"BA14,BA02,BA10",1035,1346
CG006,CL007,2026-08-10,21,0.5,BA16,130,169
CG007,CL022,2026-08-10,25,1.6,"BA15,BA07,BA10",675,1282
CG007,CL036,2026-08-10,13,1.9,"BA02,BA01,BA07",780,1248
CG007,CL050,2026-08-10,19,2.8,"BA14,BA07,BA01",1270,2222
CG007,CL040,2026-08-10,15,1.1,"BA02,BA15",390,741
CG008,CL017,2026-08-10,16,0.5,BA16,130,169
CG008,CL040,2026-08-10,16,0.9,"BA16,BA02",325,618
CG008,CL013,2026-08-10,13,1.2,"BA01,BA15",455,455
CG009,CL050,2026-08-10,24,2.5,"BA14,BA16,BA02",1010,1768
CG009,CL058,2026-08-10,30,2.6,"BA15,BA01,BA14",1140,2166
CG009,CL029,2026-08-10,25,2.3,"BA16,BA02,BA14",1010,1919
CG010,CL053,2026-08-10,20,2.2,"BA10,BA16,BA14",970,1552
CG010,CL009,2026-08-10,18,1.3,"BA07,BA16",455,660
CG010,CL007,2026-08-10,14,0.6,BA10,155,202
CG010,CL025,2026-08-10,46,1.0,"BA16,BA15",325,520
CG010,CL043,2026-08-10,20,2.5,"BA15,BA14,BA02",1075,1075
CG011,CL040,2026-08-10,21,1.5,"BA02,BA15,BA16",520,988
CG011,CL046,2026-08-10,20,3.0,"BA01,BA07,BA14",1270,1460
CG011,CL019,2026-08-10,23,3.0,"BA15,BA14,BA07",1205,1566
CG012,CL034,2026-08-10,22,0.5,BA01,260,338
CG012,CL007,2026-08-10,16,0.9,"BA16,BA02",325,422
CG012,CL002,2026-08-10,18,0.5,BA16,130,169
CG013,CL051,2026-08-10,11,0.6,"BA16,BA10",285,456
CG013,CL019,2026-08-10,17,2.4,"BA15,BA14,BA10",1035,1346
CG013,CL014,2026-08-10,19,1.4,"BA15,BA01,BA10",610,976
CG013,CL049,2026-08-10,23,2.8,"BA07,BA14,BA01",1270,1460
CG013,CL035,2026-08-10,18,1.6,BA14,685,788
CG014,CL059,2026-08-10,50,2.0,"BA16,BA14",815,1304
CG014,CL041,2026-08-10,16,1.7,"BA02,BA07,BA10",675,776
CG014,CL046,2026-08-10,12,0.7,BA02,195,224
CG015,CL025,2026-08-10,38,2.0,"BA07,BA02,BA15",715,1144
CG015,CL003,2026-08-10,18,1.0,BA07,325,569
CG015,CL028,2026-08-10,14,0.6,BA02,195,370
CG016,CL004,2026-08-10,19,2.0,"BA16,BA14",815,1426
CG016,CL050,2026-08-10,21,0.5,BA16,130,228
CG016,CL060,2026-08-10,17,1.4,BA14,685,890
CG016,CL041,2026-08-10,15,1.9,"BA14,BA16",815,937
CG016,CL040,2026-08-10,12,0.9,"BA02,BA16",325,618
CG017,CL024,2026-08-10,25,1.3,"BA16,BA15,BA01",585,1112
CG017,CL019,2026-08-10,21,1.2,"BA02,BA15",390,507
CG017,CL014,2026-08-10,17,0.6,BA15,195,312
CG017,CL049,2026-08-10,22,0.5,BA10,155,178
CG018,CL047,2026-08-10,21,2.3,"BA16,BA14,BA10",970,1843
CG018,CL019,2026-08-10,11,1.1,"BA15,BA02",390,507
CG018,CL002,2026-08-10,12,0.7,BA02,195,254
CG018,CL059,2026-08-10,47,0.5,BA15,195,312
CG018,CL034,2026-08-10,16,1.3,"BA15,BA02,BA10",545,708
CG019,CL035,2026-08-10,23,1.2,"BA16,BA01,BA02",585,673
CG019,CL054,2026-08-10,24,1.8,"BA07,BA01,BA15",780,1248
CG019,CL045,2026-08-10,11,0.5,BA16,130,188
CG020,CL005,2026-08-10,18,0.9,"BA10,BA16",285,499
CG020,CL037,2026-08-10,22,1.4,"BA07,BA01",585,673
CG020,CL053,2026-08-10,13,2.5,"BA01,BA15,BA14",1140,1824
CG020,CL015,2026-08-10,11,1.9,"BA16,BA01,BA07",715,1144
CG020,CL059,2026-08-10,33,0.9,"BA16,BA15",325,520
CG001,CL006,2026-08-11,22,0.8,"BA16,BA15",325,618
CG001,CL019,2026-08-11,25,1.5,BA14,685,890
CG001,CL049,2026-08-11,14,2.9,"BA10,BA14,BA07",1165,1340
CG001,CL060,2026-08-11,14,1.1,"BA15,BA16",325,422
CG001,CL029,2026-08-11,21,1.7,BA14,685,1302
CG002,CL008,2026-08-11,22,2.9,"BA14,BA01,BA07",1270,2032
CG002,CL003,2026-08-11,21,0.6,BA10,155,271
CG002,CL001,2026-08-11,14,0.5,BA02,195,283
CG003,CL054,2026-08-11,11,2.3,"BA10,BA15,BA14",1035,1656
CG003,CL017,2026-08-11,19,1.7,"BA01,BA07,BA16",715,930
CG003,CL013,2026-08-11,25,1.6,"BA07,BA02",520,520
CG003,CL008,2026-08-11,17,1.1,BA07,325,520
CG003,CL012,2026-08-11,12,1.0,BA07,325,374
CG004,CL022,2026-08-11,14,3.0,"BA14,BA07,BA15",1205,2290
CG004,CL040,2026-08-11,15,0.9,BA07,325,618
CG004,CL043,2026-08-11,17,1.2,"BA15,BA16,BA10",480,480
CG004,CL020,2026-08-11,21,0.6,BA15,195,195
CG005,CL030,2026-08-11,19,2.0,"BA14,BA01",945,1654
CG005,CL029,2026-08-11,12,1.0,"BA16,BA02",325,618
CG005,CL023,2026-08-11,16,0.8,"BA15,BA16",325,471
CG005,CL050,2026-08-11,12,0.5,BA16,130,228
CG006,CL002,2026-08-11,16,1.6,BA14,685,890
CG006,CL053,2026-08-11,25,1.8,"BA16,BA02,BA07",650,1040
CG006,CL038,2026-08-11,17,2.0,"BA15,BA07,BA02",715,1037
CG006,CL026,2026-08-11,12,2.2,"BA07,BA14",1010,1010
CG006,CL050,2026-08-11,17,2.5,"BA15,BA02,BA14",1075,1881
CG007,CL011,2026-08-11,14,1.6,"BA15,BA10,BA07",675,1080
CG007,CL012,2026-08-11,17,1.1,"BA02,BA01",455,523
CG007,CL037,2026-08-11,21,0.5,BA01,260,299
CG007,CL043,2026-08-11,21,0.6,"BA10,BA16",285,285
CG008,CL042,2026-08-11,18,3.0,"BA07,BA14,BA15",1205,1205
CG008,CL021,2026-08-11,15,0.9,"BA15,BA10",350,560
CG008,CL007,2026-08-11,12,1.9,"BA07,BA10,BA02",675,878
CG009,CL023,2026-08-11,25,2.6,"BA01,BA14,BA02",1140,1653
CG009,CL053,2026-08-11,15,0.7,BA01,260,416
CG009,CL056,2026-08-11,18,0.5,BA02,195,254
CG009,CL032,2026-08-11,15,2.0,"BA14,BA15",880,1408
CG010,CL015,2026-08-11,13,1.0,"BA15,BA10",350,560
CG010,CL027,2026-08-11,16,1.2,"BA02,BA15,BA10",545,954
CG010,CL052,2026-08-11,17,0.7,BA02,195,195
CG010,CL022,2026-08-11,15,0.7,BA15,195,370
CG010,CL047,2026-08-11,11,1.4,"BA02,BA01,BA16",585,1112
CG011,CL034,2026-08-11,10,1.6,"BA15,BA16,BA07",650,845
CG011,CL026,2026-08-11,16,2.0,"BA14,BA10",840,840
CG011,CL039,2026-08-11,15,0.5,BA16,130,228
CG012,CL010,2026-08-11,15,2.8,"BA15,BA14,BA07",1205,1386
CG012,CL051,2026-08-11,20,1.8,"BA14,BA16",815,1304
CG012,CL038,2026-08-11,17,0.8,"BA10,BA02",350,508
CG012,CL053,2026-08-11,10,1.7,BA14,685,1096
CG012,CL050,2026-08-11,23,1.5,BA14,685,1199
CG013,CL031,2026-08-11,11,2.7,"BA14,BA01,BA15",1140,1140
CG013,CL058,2026-08-11,34,2.5,"BA14,BA01,BA10",1100,2090
CG013,CL040,2026-08-11,23,1.0,"BA16,BA01",390,741
CG014,CL015,2026-08-11,22,2.2,"BA14,BA15",880,1408
CG014,CL052,2026-08-11,13,1.5,"BA02,BA07",520,520
CG014,CL031,2026-08-11,17,1.1,BA07,325,325
CG014,CL051,2026-08-11,23,0.9,"BA02,BA01",455,728
CG015,CL034,2026-08-11,16,1.6,"BA16,BA07,BA10",610,793
CG015,CL008,2026-08-11,13,0.6,BA10,155,248
CG015,CL001,2026-08-11,18,2.0,"BA16,BA14",815,1182
CG015,CL025,2026-08-11,48,2.5,"BA14,BA07",1010,1616
CG015,CL042,2026-08-11,16,2.0,"BA14,BA16",815,815
CG016,CL024,2026-08-11,18,2.5,"BA14,BA07",1010,1919
CG016,CL036,2026-08-11,14,1.6,"BA01,BA15,BA02",650,1040
CG016,CL031,2026-08-11,15,0.7,BA02,195,195
CG017,CL051,2026-08-11,11,0.6,BA10,155,248
CG017,CL022,2026-08-11,10,0.5,BA16,130,247
CG017,CL052,2026-08-11,25,1.4,"BA10,BA01,BA15",610,610
CG017,CL036,2026-08-11,17,1.9,"BA01,BA14",945,1512
CG018,CL025,2026-08-11,46,1.9,"BA15,BA14",880,1408
CG018,CL060,2026-08-11,15,1.2,"BA10,BA16,BA01",545,708
CG018,CL026,2026-08-11,19,0.7,BA01,260,260
CG018,CL040,2026-08-11,17,1.6,"BA02,BA15,BA01",650,1235
CG018,CL042,2026-08-11,17,1.4,"BA01,BA02,BA16",585,585
CG019,CL023,2026-08-11,16,1.3,"BA01,BA15,BA16",585,848
CG019,CL043,2026-08-11,19,2.4,"BA16,BA14,BA15",1010,1010
CG019,CL026,2026-08-11,21,2.0,"BA02,BA14",880,880
CG019,CL038,2026-08-11,24,2.0,"BA14,BA01",945,1370
CG020,CL027,2026-08-11,12,1.9,"BA07,BA16,BA01",715,1251
CG020,CL033,2026-08-11,18,2.8,"BA16,BA14,BA07",1140,1995
CG020,CL007,2026-08-11,22,1.8,"BA10,BA02,BA07",675,878
CG001,CL030,2026-08-12,25,0.8,BA07,325,569
CG001,CL058,2026-08-12,42,1.4,"BA16,BA02,BA15",520,988
CG001,CL038,2026-08-12,23,1.8,"BA14,BA16",815,1182
CG001,CL056,2026-08-12,18,0.8,BA07,325,422
CG001,CL002,2026-08-12,22,2.0,"BA15,BA07,BA01",780,1014
CG002,CL031,2026-08-12,16,2.0,"BA07,BA02,BA15",715,715
CG002,CL021,2026-08-12,16,0.5,BA15,195,312
CG002,CL023,2026-08-12,18,0.5,BA02,195,283
CG003,CL054,2026-08-12,14,0.5,BA01,260,416
CG003,CL040,2026-08-12,25,2.5,"BA01,BA14,BA16",1075,2042
CG003,CL023,2026-08-12,21,2.7,"BA07,BA10,BA14",1165,1689
CG004,CL012,2026-08-12,18,2.0,"BA02,BA14",880,1012
CG004,CL049,2026-08-12,11,1.4,"BA16,BA10,BA15",480,552
CG004,CL059,2026-08-12,31,1.8,"BA07,BA10,BA02",675,1080
CG004,CL033,2026-08-12,13,2.6,"BA14,BA10,BA07",1165,2039
CG005,CL044,2026-08-12,13,2.4,"BA07,BA14",1010,1010
CG005,CL014,2026-08-12,15,1.8,"BA07,BA02,BA16",650,1040
CG005,CL025,2026-08-12,49,1.5,"BA07,BA02",520,832
CG006,CL014,2026-08-12,21,0.7,"BA16,BA10",285,456
CG006,CL027,2026-08-12,24,1.5,BA14,685,1199
CG006,CL045,2026-08-12,17,0.6,BA15,195,283
CG006,CL049,2026-08-12,17,1.1,"BA10,BA16,BA02",480,552
CG007,CL010,2026-08-12,23,1.2,"BA02,BA15",390,448
CG007,CL031,2026-08-12,20,1.4,"BA07,BA16",455,455
CG007,CL052,2026-08-12,11,1.0,"BA01,BA15",455,455
CG007,CL001,2026-08-12,11,0.5,BA16,130,188
CG007,CL012,2026-08-12,25,1.7,"BA01,BA10,BA07",740,851
CG008,CL024,2026-08-12,18,0.8,"BA01,BA10",415,788
CG008,CL036,2026-08-12,21,2.5,"BA14,BA02,BA16",1010,1616
CG008,CL060,2026-08-12,15,1.4,"BA07,BA16",455,592
CG008,CL052,2026-08-12,25,1.4,"BA10,BA01,BA16",545,545
CG009,CL030,2026-08-12,15,1.8,"BA16,BA07,BA10",610,1068
CG009,CL041,2026-08-12,22,0.5,BA01,260,299
CG009,CL010,2026-08-12,20,0.9,BA07,325,374
CG009,CL056,2026-08-12,19,2.7,"BA07,BA14,BA10",1165,1514
CG010,CL050,2026-08-12,24,0.8,"BA02,BA16",325,569
CG010,CL056,2026-08-12,14,1.8,"BA02,BA15,BA07",715,930
CG010,CL024,2026-08-12,16,0.5,BA10,155,294
CG010,CL048,2026-08-12,33,0.5,BA10,155,271
CG011,CL002,2026-08-12,12,1.1,BA07,325,422
CG011,CL050,2026-08-12,14,0.6,BA15,195,341
CG011,CL026,2026-08-12,19,0.6,BA02,195,195
CG012,CL041,2026-08-12,15,0.6,BA01,260,299
CG012,CL009,2026-08-12,20,1.9,"BA10,BA14",840,1218
CG012,CL034,2026-08-12,24,0.7,BA15,195,254
CG012,CL054,2026-08-12,15,2.3,"BA14,BA10,BA16",970,1552
CG013,CL041,2026-08-12,25,1.4,"BA02,BA01,BA10",610,702
CG013,CL035,2026-08-12,21,1.4,"BA07,BA02",520,598
CG013,CL020,2026-08-12,10,1.5,BA14,685,685
CG013,CL059,2026-08-12,41,1.8,"BA10,BA14",840,1344
CG013,CL023,2026-08-12,25,1.5,"BA07,BA01",585,848
CG014,CL039,2026-08-12,21,0.5,BA10,155,271
CG014,CL015,2026-08-12,23,1.1,"BA02,BA16",325,520
CG014,CL051,2026-08-12,22,1.3,"BA02,BA07",520,832
CG014,CL001,2026-08-12,23,2.5,"BA02,BA14,BA15",1075,1559
CG015,CL042,2026-08-12,18,1.0,"BA02,BA01",455,455
CG015,CL048,2026-08-12,34,1.1,"BA01,BA15",455,796
CG015,CL035,2026-08-12,24,2.2,"BA15,BA14",880,1012
CG015,CL052,2026-08-12,16,0.9,"BA01,BA02",455,455
CG016,CL002,2026-08-12,14,1.4,"BA10,BA15,BA01",610,793
CG016,CL012,2026-08-12,12,0.7,BA01,260,299
CG016,CL007,2026-08-12,16,1.3,"BA10,BA07",480,624
CG016,CL019,2026-08-12,21,1.1,"BA15,BA01",455,592
CG016,CL018,2026-08-12,12,0.6,BA01,260,299
CG017,CL005,2026-08-12,16,0.6,"BA16,BA10",285,499
CG017,CL035,2026-08-12,13,1.4,"BA02,BA10,BA15",545,627
CG017,CL031,2026-08-12,11,0.5,BA10,155,155
CG017,CL012,2026-08-12,16,0.9,"BA10,BA15",350,402
CG018,CL011,2026-08-12,13,0.9,"BA10,BA15",350,560
CG018,CL041,2026-08-12,16,1.0,"BA01,BA15",455,523
CG018,CL047,2026-08-12,13,0.6,BA15,195,370
CG018,CL003,2026-08-12,20,0.6,BA02,195,341
CG019,CL008,2026-08-12,11,1.4,"BA16,BA15,BA10",480,768
CG019,CL026,2026-08-12,14,0.9,"BA16,BA01",390,390
CG019,CL051,2026-08-12,15,1.2,"BA01,BA15",455,728
CG019,CL016,2026-08-12,20,1.9,"BA01,BA16,BA07",715,1251
CG019,CL001,2026-08-12,14,2.7,"BA14,BA01,BA02",1140,1653
CG020,CL021,2026-08-12,21,0.9,"BA15,BA02",390,624
CG020,CL036,2026-08-12,22,1.1,"BA15,BA02",390,624
CG020,CL051,2026-08-12,11,1.0,"BA15,BA10",350,560
CG001,CL035,2026-08-13,15,1.6,"BA07,BA16,BA10",610,702
CG001,CL045,2026-08-13,15,1.5,BA14,685,993
CG001,CL032,2026-08-13,24,1.4,"BA16,BA07",455,728
CG001,CL013,2026-08-13,21,1.2,"BA01,BA15",455,455
CG002,CL047,2026-08-13,21,2.0,"BA02,BA07,BA01",780,1482
CG002,CL012,2026-08-13,22,1.7,BA14,685,788
CG002,CL057,2026-08-13,14,1.8,"BA07,BA16,BA10",610,884
CG002,CL002,2026-08-13,20,0.7,BA01,260,338
CG003,CL005,2026-08-13,11,0.7,BA01,260,455
CG003,CL003,2026-08-13,16,0.7,BA01,260,455
CG003,CL054,2026-08-13,22,2.5,"BA10,BA14,BA15",1035,1656
CG003,CL009,2026-08-13,18,0.9,BA07,325,471
CG003,CL012,2026-08-13,12,0.8,BA02,195,224
CG004,CL060,2026-08-13,24,3.0,"BA01,BA07,BA14",1270,1651
CG004,CL057,2026-08-13,21,3.0,"BA01,BA14,BA07",1270,1842
CG004,CL054,2026-08-13,11,1.7,"BA01,BA07,BA16",715,1144
CG004,CL006,2026-08-13,13,0.5,BA15,195,370
CG005,CL025,2026-08-13,48,2.6,"BA02,BA14,BA15",1075,1720
CG005,CL013,2026-08-13,13,2.8,"BA14,BA07,BA10",1165,1165
CG005,CL034,2026-08-13,13,0.5,BA16,130,169
CG005,CL043,2026-08-13,22,2.0,"BA07,BA15,BA02",715,715
CG005,CL016,2026-08-13,24,2.4,"BA07,BA14",1010,1768
CG006,CL027,2026-08-13,20,2.5,"BA02,BA14,BA15",1075,1881
CG006,CL049,2026-08-13,22,1.8,"BA15,BA07,BA16",650,747
CG006,CL041,2026-08-13,24,0.9,"BA01,BA15",455,523
CG006,CL028,2026-08-13,19,2.6,"BA01,BA14,BA02",1140,2166
CG007,CL020,2026-08-13,20,0.5,BA16,130,130
CG007,CL015,2026-08-13,14,0.7,BA01,260,416
CG007,CL014,2026-08-13,21,0.6,BA02,195,312
CG008,CL057,2026-08-13,18,2.1,"BA01,BA14",945,1370
CG008,CL038,2026-08-13,16,2.0,"BA01,BA15,BA07",780,1131
CG008,CL016,2026-08-13,15,1.1,"BA16,BA15",325,569
CG008,CL015,2026-08-13,13,2.0,"BA15,BA07,BA01",780,1248
CG009,CL006,2026-08-13,20,0.8,"BA16,BA10",285,542
CG009,CL050,2026-08-13,13,0.8,BA15,195,341
CG009,CL004,2026-08-13,10,1.1,"BA16,BA15,BA10",480,840
CG009,CL059,2026-08-13,39,3.0,"BA01,BA07,BA14",1270,2032
CG010,CL021,2026-08-13,17,0.6,BA01,260,416
CG010,CL033,2026-08-13,24,2.4,"BA14,BA16,BA01",1075,1881
CG010,CL045,2026-08-13,23,0.7,"BA16,BA10",285,413
CG011,CL022,2026-08-13,11,1.8,"BA10,BA07,BA01",740,1406
CG011,CL006,2026-08-13,23,1.4,"BA02,BA16,BA10",480,912
CG011,CL031,2026-08-13,16,1.1,"BA10,BA15",350,350
CG012,CL036,2026-08-13,17,0.6,BA01,260,416
CG012,CL040,2026-08-13,23,1.9,"BA15,BA14",880,1672
CG012,CL048,2026-08-13,33,1.6,"BA10,BA16,BA07",610,1068
CG013,CL021,2026-08-13,10,1.6,"BA02,BA07",520,832
CG013,CL023,2026-08-13,24,1.4,"BA02,BA10,BA01",610,884
CG013,CL039,2026-08-13,16,1.8,"BA07,BA02,BA01",780,1365
CG014,CL004,2026-08-13,19,0.8,BA07,325,569
CG014,CL016,2026-08-13,19,0.9,"BA10,BA01",415,726
CG014,CL040,2026-08-13,16,2.7,"BA14,BA02,BA15",1075,2042
CG014,CL060,2026-08-13,18,2.2,"BA10,BA14,BA02",1035,1346
CG014,CL010,2026-08-13,22,2.5,"BA15,BA14,BA01",1140,1311
CG015,CL004,2026-08-13,18,0.6,BA10,155,271
CG015,CL019,2026-08-13,10,0.5,BA10,155,202
CG015,CL013,2026-08-13,21,0.6,BA01,260,260
CG016,CL025,2026-08-13,40,2.0,"BA16,BA14",815,1304
CG016,CL015,2026-08-13,12,0.7,BA02,195,312
CG016,CL033,2026-08-13,24,1.4,"BA15,BA01,BA16",585,1024
CG016,CL046,2026-08-13,19,0.7,"BA10,BA16",285,328
CG016,CL007,2026-08-13,10,1.4,"BA15,BA07",520,676
CG017,CL020,2026-08-13,11,1.9,"BA07,BA10,BA01",740,740
CG017,CL016,2026-08-13,18,0.6,BA02,195,341
CG017,CL033,2026-08-13,22,1.5,"BA02,BA01,BA10",610,1068
CG017,CL018,2026-08-13,17,2.0,"BA02,BA14",880,1012
CG017,CL052,2026-08-13,23,2.5,"BA14,BA07",1010,1010
CG018,CL009,2026-08-13,16,1.0,BA07,325,471
CG018,CL014,2026-08-13,14,1.1,"BA16,BA02",325,520
CG018,CL042,2026-08-13,15,2.2,"BA01,BA14",945,945
CG018,CL038,2026-08-13,13,0.8,BA07,325,471
CG018,CL035,2026-08-13,10,0.7,"BA10,BA16",285,328
CG019,CL048,2026-08-13,50,1.8,"BA07,BA02,BA15",715,1251
CG019,CL060,2026-08-13,14,0.7,BA01,260,338
CG019,CL053,2026-08-13,18,2.6,"BA14,BA16,BA02",1010,1616
CG019,CL058,2026-08-13,37,0.5,BA15,195,370
CG020,CL006,2026-08-13,14,2.4,"BA16,BA14,BA10",970,1843
CG020,CL045,2026-08-13,21,0.5,BA16,130,188
CG020,CL050,2026-08-13,25,0.8,"BA02,BA16",325,569
CG020,CL031,2026-08-13,17,0.5,BA10,155,155
CG001,CL027,2026-08-14,16,0.5,BA01,260,455
CG001,CL015,2026-08-14,24,1.8,"BA10,BA15,BA07",675,1080
CG001,CL048,2026-08-14,37,1.1,"BA10,BA01",415,726
CG001,CL043,2026-08-14,22,2.9,"BA07,BA10,BA14",1165,1165
CG002,CL035,2026-08-14,11,1.3,"BA01,BA10,BA15",610,702
CG002,CL034,2026-08-14,17,2.5,"BA14,BA10,BA01",1100,1430
CG002,CL042,2026-08-14,22,1.4,"BA16,BA15,BA01",585,585
CG002,CL057,2026-08-14,19,1.2,"BA10,BA07",480,696
CG002,CL046,2026-08-14,24,0.5,BA10,155,178
CG003,CL059,2026-08-14,34,1.0,"BA16,BA15",325,520
CG003,CL004,2026-08-14,12,2.7,"BA14,BA01,BA02",1140,1995
CG003,CL045,2026-08-14,14,1.3,"BA10,BA07",480,696
CG003,CL034,2026-08-14,10,0.6,BA10,155,202
CG003,CL058,2026-08-14,36,1.4,"BA01,BA07",585,1112
CG004,CL042,2026-08-14,13,0.7,BA01,260,260
CG004,CL059,2026-08-14,50,2.1,"BA01,BA14",945,1512
CG004,CL046,2026-08-14,15,1.8,"BA14,BA10",840,966
CG004,CL051,2026-08-14,15,2.0,"BA14,BA15",880,1408
CG004,CL011,2026-08-14,15,0.5,BA02,195,312
CG005,CL020,2026-08-14,19,1.4,"BA02,BA01,BA16",585,585
CG005,CL047,2026-08-14,10,1.8,"BA16,BA07,BA01",715,1358
CG005,CL050,2026-08-14,25,2.2,"BA14,BA01",945,1654
CG005,CL029,2026-08-14,25,0.7,BA02,195,370
CG006,CL031,2026-08-14,10,1.6,BA14,685,685
CG006,CL030,2026-08-14,16,0.5,BA02,195,341
CG006,CL027,2026-08-14,11,1.8,"BA07,BA01,BA02",780,1365
CG006,CL029,2026-08-14,19,0.8,"BA01,BA16",390,741
CG006,CL006,2026-08-14,23,0.6,BA02,195,370
CG007,CL043,2026-08-14,15,2.1,"BA15,BA14",880,880
CG007,CL045,2026-08-14,11,0.5,BA16,130,188
CG007,CL039,2026-08-14,20,1.0,"BA10,BA01",415,726
CG007,CL037,2026-08-14,12,0.8,"BA10,BA02",350,402
CG007,CL051,2026-08-14,18,2.0,"BA14,BA10",840,1344
CG008,CL045,2026-08-14,11,1.8,BA14,685,993
CG008,CL014,2026-08-14,12,1.1,"BA15,BA16",325,520
CG008,CL040,2026-08-14,19,2.4,"BA14,BA07",1010,1919
CG009,CL037,2026-08-14,25,1.3,"BA15,BA16,BA10",480,552
CG009,CL040,2026-08-14,15,1.9,"BA02,BA15,BA07",715,1358
CG009,CL023,2026-08-14,10,0.7,BA01,260,377
CG009,CL060,2026-08-14,13,2.5,"BA16,BA02,BA14",1010,1313
CG009,CL009,2026-08-14,23,0.9,BA07,325,471
CG010,CL052,2026-08-14,19,0.9,"BA16,BA01",390,390
CG010,CL041,2026-08-14,19,2.8,"BA14,BA07,BA01",1270,1460
CG010,CL014,2026-08-14,20,1.1,"BA10,BA15",350,560
CG010,CL001,2026-08-14,10,0.6,BA02,195,283
CG010,CL013,2026-08-14,20,1.4,"BA10,BA16,BA01",545,545
CG011,CL031,2026-08-14,24,1.6,"BA07,BA10,BA15",675,675
CG011,CL010,2026-08-14,19,1.9,"BA15,BA16,BA07",650,747
CG011,CL041,2026-08-14,10,1.6,BA14,685,788
CG012,CL005,2026-08-14,10,1.0,"BA10,BA15",350,612
CG012,CL010,2026-08-14,15,2.6,"BA14,BA10,BA02",1035,1190
CG012,CL018,2026-08-14,13,1.3,"BA15,BA07",520,598
CG012,CL054,2026-08-14,18,0.9,"BA01,BA10",415,664
CG013,CL029,2026-08-14,19,0.6,BA01,260,494
CG013,CL054,2026-08-14,11,0.7,BA01,260,416
CG013,CL020,2026-08-14,10,2.0,"BA14,BA02",880,880
CG013,CL014,2026-08-14,20,2.1,"BA15,BA14",880,1408
CG014,CL010,2026-08-14,14,0.5,BA15,195,224
CG014,CL050,2026-08-14,24,2.0,"BA15,BA14",880,1540
CG014,CL056,2026-08-14,10,1.2,"BA01,BA15",455,592
CG014,CL007,2026-08-14,12,0.8,"BA10,BA01",415,540
CG015,CL050,2026-08-14,19,1.7,"BA02,BA07,BA16",650,1138
CG015,CL043,2026-08-14,19,2.5,"BA14,BA07",1010,1010
CG015,CL048,2026-08-14,33,0.9,"BA02,BA16",325,569
CG015,CL020,2026-08-14,13,1.7,BA14,685,685
CG015,CL002,2026-08-14,13,1.6,BA14,685,890
CG016,CL021,2026-08-14,19,1.4,"BA02,BA16,BA01",585,936
CG016,CL018,2026-08-14,20,1.2,"BA10,BA01,BA02",610,702
CG016,CL010,2026-08-14,25,1.1,"BA01,BA16,BA10",545,627
CG016,CL046,2026-08-14,12,1.1,"BA10,BA02",350,402
CG016,CL052,2026-08-14,24,1.7,"BA07,BA16,BA15",650,650
CG017,CL049,2026-08-14,24,1.3,"BA02,BA01,BA10",610,702
CG017,CL043,2026-08-14,24,1.0,"BA15,BA16",325,325
CG017,CL052,2026-08-14,25,0.5,BA02,195,195
CG017,CL035,2026-08-14,18,0.9,"BA10,BA02",350,402
CG017,CL006,2026-08-14,20,0.8,"BA10,BA01",415,788
CG018,CL008,2026-08-14,15,1.4,"BA16,BA07",455,728
CG018,CL023,2026-08-14,14,1.2,"BA01,BA10,BA16",545,790
CG018,CL031,2026-08-14,12,1.9,"BA14,BA10",840,840
CG018,CL030,2026-08-14,23,1.5,BA14,685,1199
CG019,CL011,2026-08-14,16,2.5,"BA14,BA10,BA15",1035,1656
CG019,CL031,2026-08-14,20,1.3,"BA15,BA02,BA16",520,520
CG019,CL025,2026-08-14,48,2.2,"BA01,BA14",945,1512
CG019,CL005,2026-08-14,24,2.1,"BA14,BA01",945,1654
CG019,CL022,2026-08-14,15,1.1,"BA10,BA01",415,788
CG020,CL044,2026-08-14,22,0.8,"BA10,BA15",350,350
CG020,CL053,2026-08-14,12,0.5,BA16,130,208
CG020,CL039,2026-08-14,10,0.5,BA15,195,341
